{"stats":{"minecraft:picked_up":{"minecraft:crafting_table":1,"minecraft:wooden_pickaxe":1,"minecraft:potato":2,"mcwbridges:rope_oak_bridge":6,"biomesoplenty:violet":1,"minecraft:oak_log":3,"minecraft:cobblestone_stairs":2,"minecraft:string":1,"minecraft:dirt":13,"biomesoplenty:fir_planks":1,"minecraft:spruce_planks":2,"minecraft:oak_planks":2,"minecraft:spruce_trapdoor":1,"biomesoplenty:toadstool":12,"minecraft:stick":1,"minecraft:raw_iron":4,"car:canola_seeds":1,"minecraft:gravel":1,"minecraft:spruce_sapling":3,"minecraft:dark_oak_log":5,"minecraft:spruce_door":1,"minecraft:mossy_cobblestone":5,"minecraft:purple_bed":4,"minecraft:rotten_flesh":2,"minecraft:diamond":1,"minecraft:hay_block":1,"minecraft:carved_pumpkin":1,"minecraft:spruce_sign":2,"minecraft:bread":1,"minecraft:melon_seeds":3,"minecraft:cobblestone":86},"minecraft:used":{"mcwbridges:rope_oak_bridge":5,"minecraft:cobblestone_stairs":6,"minecraft:spruce_door":1,"minecraft:stone_pickaxe":95,"minecraft:baked_potato":1,"minecraft:oak_planks":7,"minecraft:spruce_planks":20,"minecraft:chest":1,"minecraft:wooden_pickaxe":16,"biomesoplenty:fir_planks":1,"minecraft:spruce_sign":2,"minecraft:rotten_flesh":1,"minecraft:mossy_cobblestone":5,"minecraft:dirt":9,"minecraft:crafting_table":1,"minecraft:bread":2,"minecraft:string":1,"minecraft:spruce_trapdoor":3,"minecraft:spruce_sapling":3,"biomesoplenty:toadstool":12,"minecraft:melon_seeds":1,"minecraft:stone_axe":10,"minecraft:cobblestone":68,"minecraft:hay_block":1,"minecraft:purple_bed":3,"biomesoplenty:violet":1},"minecraft:crafted":{"minecraft:oak_planks":12,"minecraft:spruce_sign":3,"minecraft:crafting_table":2,"minecraft:spruce_planks":60,"minecraft:baked_potato":10,"minecraft:wooden_pickaxe":2,"minecraft:cobblestone_stairs":4,"minecraft:stone_axe":2,"minecraft:spruce_trapdoor":4,"minecraft:shield":1,"minecraft:stick":16,"minecraft:iron_ingot":4,"minecraft:stone_pickaxe":2,"minecraft:chest":1,"minecraft:dark_oak_planks":20},"minecraft:mined":{"minecraft:spruce_planks":2,"minecraft:mossy_cobblestone":5,"minecraft:cobblestone_stairs":2,"minecraft:dark_oak_log":5,"minecraft:carved_pumpkin":1,"minecraft:crafting_table":1,"minecraft:spruce_trapdoor":1,"minecraft:grass_block":4,"minecraft:campfire":1,"minecraft:cobblestone":53,"biomesoplenty:sprout":4,"mcwbridges:rope_oak_bridge":6,"minecraft:spruce_leaves":1,"minecraft:oak_planks":2,"minecraft:large_fern":2,"minecraft:hay_block":1,"minecraft:purple_bed":4,"biomesoplenty:toadstool":13,"minecraft:iron_ore":4,"biomesoplenty:violet":1,"biomesoplenty:maple_leaves":1,"minecraft:grass":6,"minecraft:oak_log":3,"minecraft:dirt_path":3,"minecraft:dirt":1,"minecraft:stone":34,"minecraft:oak_leaves":1,"minecraft:fern":3},"minecraft:killed":{"minecraft:spider":1,"minecraft:zombie":1},"minecraft:killed_by":{"minecraft:player":1,"minecraft:skeleton":2},"minecraft:dropped":{"minecraft:gravel":1,"minecraft:melon_seeds":2,"minecraft:purple_bed":1,"minecraft:wooden_pickaxe":1},"minecraft:custom":{"lootr:looted_stat":1,"minecraft:interact_with_furnace":13,"minecraft:mob_kills":4,"minecraft:interact_with_crafting_table":14,"minecraft:bell_ring":15,"minecraft:leave_game":1,"minecraft:time_since_death":27376,"minecraft:sleep_in_bed":6,"minecraft:climb_one_cm":6882,"minecraft:time_since_rest":9295,"minecraft:sprint_one_cm":180504,"minecraft:damage_taken":2360,"minecraft:walk_one_cm":288272,"minecraft:drop":5,"minecraft:damage_dealt":430,"minecraft:talked_to_villager":22,"minecraft:fly_one_cm":148624,"minecraft:open_chest":9,"minecraft:crouch_one_cm":4725,"minecraft:play_time":73959,"minecraft:deaths":6,"minecraft:sneak_time":2259,"minecraft:walk_under_water_one_cm":5189,"minecraft:jump":1128,"minecraft:walk_on_water_one_cm":940,"minecraft:total_world_time":73959,"minecraft:fall_one_cm":44245}},"DataVersion":3337}