{"stats":{"minecraft:used":{"minecraft:stone_sword":20,"minecraft:iron_shovel":66,"minecraft:ladder":19,"minecraft:chest":10,"minecraft:shield":4,"minecraft:stone_hoe":38,"minecraft:torch":24,"minecraft:dirt":19,"minecraft:iron_axe":321,"minecraft:melon_seeds":4,"minecraft:sweet_berries":2,"minecraft:furnace":4,"minecraft:egg":1,"minecraft:potato":6,"mcwbridges:rope_oak_bridge":4,"minecraft:wheat_seeds":6,"minecraft:water_bucket":1,"minecraft:stone_pickaxe":274,"minecraft:oak_planks":25,"minecraft:wooden_pickaxe":3,"minecraft:fletching_table":1,"minecraft:cobblestone_slab":17,"minecraft:crafting_table":6,"minecraft:apple":1,"minecraft:bread":6,"minecraft:iron_pickaxe":250,"minecraft:lectern":18,"minecraft:spruce_trapdoor":5,"minecraft:gravel":15,"biomesoplenty:toadstool":2,"minecraft:stone_axe":65,"minecraft:cobblestone":16,"minecraft:purple_bed":2,"minecraft:grindstone":1,"minecraft:bucket":1,"minecraft:pumpkin_pie":1,"minecraft:bone_meal":3},"minecraft:picked_up":{"minecraft:charcoal":4,"minecraft:ladder":1,"biomesoplenty:violet":1,"minecraft:string":2,"minecraft:detector_rail":1,"biomesoplenty:fir_planks":4,"minecraft:spruce_planks":2,"minecraft:cobblestone_slab":5,"minecraft:poppy":2,"minecraft:lectern":18,"minecraft:egg":1,"minecraft:furnace":2,"minecraft:stick":14,"minecraft:raw_iron":23,"minecraft:torch":19,"minecraft:arrow":3,"minecraft:rotten_flesh":3,"minecraft:hay_block":1,"minecraft:carved_pumpkin":1,"minecraft:rail":3,"minecraft:cobblestone":479,"biomesoplenty:fir_log":4,"biomesoplenty:fir_sapling":1,"minecraft:flint":3,"minecraft:oak_log":215,"minecraft:gunpowder":1,"minecraft:cobblestone_stairs":2,"minecraft:lapis_lazuli":9,"minecraft:dirt":43,"minecraft:bone":1,"minecraft:apple":5,"minecraft:stonecutter":1,"minecraft:wheat_seeds":12,"minecraft:oak_planks":4,"minecraft:book":18,"biomesoplenty:toadstool":5,"minecraft:pumpkin":1,"car:canola_seeds":3,"minecraft:gravel":16,"minecraft:spruce_sapling":4,"minecraft:spruce_log":104,"minecraft:mossy_cobblestone":1,"biomesoplenty:maple_sapling":17,"minecraft:purple_bed":2,"minecraft:bread":3,"minecraft:jack_o_lantern":1,"minecraft:melon_seeds":2,"minecraft:coal":8},"minecraft:broken":{"minecraft:stone_pickaxe":1,"minecraft:iron_axe":1,"minecraft:iron_pickaxe":1},"minecraft:crafted":{"minecraft:grindstone":1,"minecraft:oak_door":3,"minecraft:oak_planks":860,"minecraft:cobblestone_slab":18,"minecraft:furnace":2,"minecraft:stone":3,"minecraft:bone_meal":3,"minecraft:iron_axe":11,"minecraft:ladder":21,"minecraft:stone_pickaxe":7,"minecraft:chest":10,"minecraft:stone_hoe":1,"mcwbridges:rope_oak_bridge":4,"minecraft:oak_slab":6,"minecraft:emerald":61,"minecraft:crafting_table":6,"minecraft:spruce_planks":420,"minecraft:wooden_pickaxe":1,"minecraft:iron_sword":1,"minecraft:fletching_table":1,"minecraft:bucket":1,"minecraft:stone_axe":1,"minecraft:enchanted_book":1,"minecraft:air":0,"biomesoplenty:fir_planks":16,"minecraft:spruce_trapdoor":6,"minecraft:shield":1,"minecraft:stick":2030,"minecraft:stone_slab":6,"minecraft:iron_pickaxe":2,"minecraft:iron_ingot":20,"minecraft:stone_sword":1,"minecraft:iron_shovel":1,"minecraft:torch":52},"minecraft:mined":{"minecraft:mossy_cobblestone":1,"minecraft:cobblestone_stairs":2,"minecraft:jack_o_lantern":1,"minecraft:carved_pumpkin":1,"minecraft:ladder":1,"minecraft:grass_block":35,"minecraft:spruce_leaves":20,"minecraft:large_fern":1,"minecraft:hay_block":1,"minecraft:spruce_sapling":1,"minecraft:furnace":2,"biomesoplenty:toadstool":4,"minecraft:iron_ore":22,"biomesoplenty:violet":1,"minecraft:pumpkin":1,"minecraft:bookshelf":6,"minecraft:cobblestone_slab":5,"minecraft:stone":460,"minecraft:melon_stem":1,"minecraft:torch":3,"biomesoplenty:fir_planks":4,"minecraft:poppy":1,"minecraft:lectern":18,"minecraft:tall_grass":1,"minecraft:cobblestone":23,"biomesoplenty:sprout":2,"minecraft:lapis_ore":2,"minecraft:oak_planks":4,"minecraft:purple_bed":1,"minecraft:sweet_berry_bush":1,"minecraft:spruce_log":108,"biomesoplenty:maple_leaves":11,"biomesoplenty:fir_log":4,"minecraft:grass":43,"minecraft:oak_log":220,"minecraft:coal_ore":8,"biomesoplenty:fir_leaves":17,"minecraft:gravel":19,"minecraft:dirt":13,"minecraft:stonecutter":1,"minecraft:oak_leaves":1,"minecraft:fern":14},"minecraft:killed":{"minecraft:witch":1,"minecraft:skeleton":2,"minecraft:creeper":1,"minecraft:goat":1,"minecraft:zombie":1},"minecraft:dropped":{"minecraft:wheat_seeds":5,"minecraft:mossy_cobblestone":1,"minecraft:diamond":1,"biomesoplenty:maple_sapling":14,"minecraft:apple":2,"minecraft:activator_rail":5,"biomesoplenty:fir_sapling":1,"minecraft:stick":8,"biomesoplenty:violet":1,"minecraft:pumpkin":1,"minecraft:spruce_sapling":4,"minecraft:gravel":1,"minecraft:stone_axe":1,"car:canola_seeds":3,"minecraft:detector_rail":2,"minecraft:stone_sword":1,"minecraft:rotten_flesh":3,"minecraft:pumpkin_seeds":11,"minecraft:poppy":1,"biomesoplenty:fir_planks":2,"minecraft:spruce_planks":2,"minecraft:charcoal":2,"minecraft:wooden_pickaxe":1,"minecraft:stone_pickaxe":1},"minecraft:custom":{"lootr:looted_stat":2,"minecraft:mob_kills":8,"minecraft:interact_with_crafting_table":46,"minecraft:leave_game":3,"minecraft:time_since_death":12292,"minecraft:climb_one_cm":29210,"minecraft:sprint_one_cm":190567,"minecraft:walk_one_cm":301192,"minecraft:damage_blocked_by_shield":165,"minecraft:drop":41,"minecraft:talked_to_villager":43,"minecraft:play_time":106310,"minecraft:deaths":3,"minecraft:sneak_time":5406,"minecraft:walk_under_water_one_cm":9925,"minecraft:jump":1025,"minecraft:walk_on_water_one_cm":5208,"minecraft:total_world_time":106310,"minecraft:interact_with_furnace":33,"minecraft:traded_with_villager":72,"minecraft:sleep_in_bed":6,"minecraft:time_since_rest":12314,"minecraft:damage_taken":1120,"minecraft:damage_dealt":1709,"minecraft:swim_one_cm":1860,"minecraft:fly_one_cm":153622,"minecraft:player_kills":1,"minecraft:open_chest":38,"minecraft:crouch_one_cm":12518,"minecraft:fall_one_cm":30021}},"DataVersion":3337}