{"stats":{"minecraft:used":{"minecraft:stone_sword":20,"minecraft:iron_shovel":66,"minecraft:ladder":12,"minecraft:chest":4,"minecraft:shield":4,"minecraft:stone_hoe":36,"minecraft:torch":18,"minecraft:dirt":13,"minecraft:iron_axe":84,"minecraft:melon_seeds":4,"minecraft:sweet_berries":2,"minecraft:furnace":3,"minecraft:egg":1,"minecraft:potato":6,"mcwbridges:rope_oak_bridge":4,"minecraft:wheat_seeds":3,"minecraft:water_bucket":1,"minecraft:stone_pickaxe":65,"minecraft:oak_planks":25,"minecraft:wooden_pickaxe":3,"minecraft:fletching_table":1,"minecraft:cobblestone_slab":12,"minecraft:crafting_table":5,"minecraft:apple":1,"minecraft:bread":6,"minecraft:iron_pickaxe":250,"minecraft:spruce_trapdoor":5,"minecraft:gravel":15,"biomesoplenty:toadstool":2,"minecraft:stone_axe":65,"minecraft:cobblestone":12,"minecraft:purple_bed":2,"minecraft:bucket":1,"minecraft:pumpkin_pie":1,"minecraft:bone_meal":3},"minecraft:picked_up":{"minecraft:charcoal":4,"biomesoplenty:violet":1,"minecraft:string":2,"minecraft:detector_rail":1,"biomesoplenty:fir_planks":3,"minecraft:spruce_planks":2,"minecraft:cobblestone_slab":4,"minecraft:poppy":2,"minecraft:lectern":1,"minecraft:egg":1,"minecraft:furnace":2,"minecraft:stick":7,"minecraft:raw_iron":23,"minecraft:torch":18,"minecraft:arrow":3,"minecraft:rotten_flesh":3,"minecraft:hay_block":1,"minecraft:carved_pumpkin":1,"minecraft:rail":3,"minecraft:cobblestone":278,"biomesoplenty:fir_log":4,"biomesoplenty:fir_sapling":1,"minecraft:flint":3,"minecraft:oak_log":66,"minecraft:gunpowder":1,"minecraft:cobblestone_stairs":2,"minecraft:lapis_lazuli":9,"minecraft:dirt":42,"minecraft:bone":1,"minecraft:apple":1,"minecraft:wheat_seeds":8,"minecraft:oak_planks":4,"biomesoplenty:toadstool":5,"minecraft:pumpkin":1,"car:canola_seeds":1,"minecraft:gravel":16,"minecraft:spruce_sapling":4,"minecraft:spruce_log":53,"minecraft:mossy_cobblestone":1,"biomesoplenty:maple_sapling":6,"minecraft:purple_bed":2,"minecraft:bread":3,"minecraft:jack_o_lantern":1,"minecraft:melon_seeds":2,"minecraft:coal":5},"minecraft:broken":{"minecraft:iron_pickaxe":1},"minecraft:crafted":{"minecraft:oak_door":3,"minecraft:oak_planks":264,"minecraft:cobblestone_slab":12,"minecraft:furnace":2,"minecraft:bone_meal":3,"minecraft:iron_axe":1,"minecraft:ladder":12,"minecraft:stone_pickaxe":7,"minecraft:chest":4,"minecraft:stone_hoe":1,"mcwbridges:rope_oak_bridge":4,"minecraft:oak_slab":6,"minecraft:emerald":20,"minecraft:crafting_table":5,"minecraft:spruce_planks":216,"minecraft:wooden_pickaxe":1,"minecraft:iron_sword":1,"minecraft:fletching_table":1,"minecraft:bucket":1,"minecraft:stone_axe":1,"minecraft:air":0,"biomesoplenty:fir_planks":16,"minecraft:spruce_trapdoor":6,"minecraft:shield":1,"minecraft:stick":698,"minecraft:iron_pickaxe":2,"minecraft:iron_ingot":20,"minecraft:stone_sword":1,"minecraft:iron_shovel":1,"minecraft:torch":12},"minecraft:mined":{"minecraft:mossy_cobblestone":1,"minecraft:cobblestone_stairs":2,"minecraft:jack_o_lantern":1,"minecraft:carved_pumpkin":1,"minecraft:grass_block":35,"minecraft:spruce_leaves":19,"minecraft:large_fern":1,"minecraft:hay_block":1,"minecraft:spruce_sapling":1,"minecraft:furnace":2,"biomesoplenty:toadstool":4,"minecraft:iron_ore":22,"biomesoplenty:violet":1,"minecraft:pumpkin":1,"minecraft:cobblestone_slab":4,"minecraft:stone":257,"minecraft:melon_stem":1,"minecraft:torch":3,"biomesoplenty:fir_planks":4,"minecraft:poppy":1,"minecraft:lectern":1,"minecraft:tall_grass":1,"minecraft:cobblestone":22,"biomesoplenty:sprout":2,"minecraft:lapis_ore":2,"minecraft:oak_planks":4,"minecraft:purple_bed":1,"minecraft:sweet_berry_bush":1,"minecraft:spruce_log":55,"biomesoplenty:maple_leaves":1,"biomesoplenty:fir_log":4,"minecraft:grass":38,"minecraft:oak_log":67,"minecraft:coal_ore":5,"biomesoplenty:fir_leaves":17,"minecraft:gravel":19,"minecraft:dirt":12,"minecraft:oak_leaves":1,"minecraft:fern":7},"minecraft:killed":{"minecraft:witch":1,"minecraft:skeleton":2,"minecraft:creeper":1,"minecraft:goat":1,"minecraft:zombie":1},"minecraft:dropped":{"minecraft:wheat_seeds":3,"minecraft:mossy_cobblestone":1,"minecraft:diamond":1,"biomesoplenty:maple_sapling":3,"minecraft:activator_rail":5,"biomesoplenty:fir_sapling":1,"minecraft:stick":8,"biomesoplenty:violet":1,"minecraft:pumpkin":1,"minecraft:spruce_sapling":4,"minecraft:gravel":1,"minecraft:stone_axe":1,"car:canola_seeds":1,"minecraft:detector_rail":2,"minecraft:stone_sword":1,"minecraft:rotten_flesh":2,"minecraft:pumpkin_seeds":11,"minecraft:poppy":1,"minecraft:spruce_planks":2,"minecraft:charcoal":2,"minecraft:wooden_pickaxe":1,"minecraft:stone_pickaxe":1},"minecraft:custom":{"lootr:looted_stat":2,"minecraft:mob_kills":8,"minecraft:interact_with_crafting_table":39,"minecraft:leave_game":3,"minecraft:time_since_death":13809,"minecraft:climb_one_cm":17659,"minecraft:sprint_one_cm":175543,"minecraft:walk_one_cm":226137,"minecraft:damage_blocked_by_shield":165,"minecraft:drop":31,"minecraft:talked_to_villager":11,"minecraft:play_time":82310,"minecraft:deaths":2,"minecraft:sneak_time":4767,"minecraft:walk_under_water_one_cm":9925,"minecraft:jump":896,"minecraft:walk_on_water_one_cm":5000,"minecraft:total_world_time":82310,"minecraft:interact_with_furnace":28,"minecraft:traded_with_villager":20,"minecraft:sleep_in_bed":5,"minecraft:time_since_rest":3881,"minecraft:damage_taken":880,"minecraft:damage_dealt":1709,"minecraft:swim_one_cm":1860,"minecraft:fly_one_cm":146223,"minecraft:player_kills":1,"minecraft:open_chest":22,"minecraft:crouch_one_cm":10575,"minecraft:fall_one_cm":25117}},"DataVersion":3337}