{"stats":{"minecraft:mined":{"minecraft:furnace":1,"minecraft:iron_ore":40,"minecraft:torch":4,"biomesoplenty:fir_log":14,"minecraft:crafting_table":2,"minecraft:grass_block":1,"minecraft:coal_ore":30,"biomesoplenty:fir_leaves":10,"minecraft:chest":1,"minecraft:dirt":1,"minecraft:copper_ore":1,"minecraft:cobblestone":5,"minecraft:stone":23},"minecraft:picked_up":{"minecraft:crafting_table":2,"minecraft:stick":3,"minecraft:raw_iron":51,"minecraft:torch":4,"biomesoplenty:fir_log":14,"minecraft:dirt":2,"minecraft:string":2,"minecraft:raw_copper":4,"minecraft:bone":2,"minecraft:arrow":2,"minecraft:iron_ingot":4,"minecraft:chest":1,"minecraft:coal":49,"minecraft:cobblestone":28,"minecraft:furnace":1},"minecraft:crafted":{"biomesoplenty:fir_planks":56,"minecraft:iron_boots":1,"minecraft:iron_chestplate":1,"minecraft:shield":1,"minecraft:iron_axe":1,"minecraft:crafting_table":3,"minecraft:stick":16,"minecraft:iron_helmet":1,"minecraft:iron_pickaxe":1,"minecraft:wooden_pickaxe":1,"minecraft:iron_ingot":27,"minecraft:stone_pickaxe":2,"minecraft:iron_leggings":1,"minecraft:furnace":1,"minecraft:torch":28,"minecraft:air":0},"minecraft:used":{"minecraft:iron_axe":8,"minecraft:stone_pickaxe":141,"minecraft:bread":4,"minecraft:iron_pickaxe":1,"minecraft:wooden_pickaxe":3,"minecraft:chest":1,"minecraft:shield":6,"minecraft:iron_boots":1,"biomesoplenty:fir_planks":13,"minecraft:torch":10,"minecraft:dirt":2,"minecraft:cobblestone":11,"minecraft:crafting_table":4,"minecraft:furnace":1},"minecraft:broken":{"minecraft:stone_pickaxe":1},"minecraft:custom":{"minecraft:time_since_rest":22475,"minecraft:interact_with_furnace":14,"minecraft:sprint_one_cm":11361,"minecraft:damage_taken":208,"minecraft:walk_one_cm":143372,"minecraft:damage_blocked_by_shield":160,"minecraft:mob_kills":3,"minecraft:drop":21,"minecraft:damage_dealt":1327,"minecraft:interact_with_crafting_table":17,"minecraft:fly_one_cm":7858,"minecraft:open_chest":3,"minecraft:crouch_one_cm":3752,"minecraft:play_time":26779,"minecraft:sneak_time":1558,"minecraft:walk_under_water_one_cm":2592,"minecraft:jump":299,"minecraft:leave_game":1,"minecraft:time_since_death":26779,"minecraft:walk_on_water_one_cm":2214,"minecraft:sleep_in_bed":1,"minecraft:total_world_time":26779,"minecraft:fall_one_cm":5804},"minecraft:dropped":{"minecraft:bread":4,"minecraft:potato":2,"minecraft:torch":14,"minecraft:string":2},"minecraft:killed":{"minecraft:skeleton":1,"minecraft:spider":1,"minecraft:iron_golem":1}},"DataVersion":3337}