{"stats":{"minecraft:crafted":{"minecraft:iron_helmet":1,"minecraft:iron_sword":2,"minecraft:iron_boots":1,"minecraft:iron_chestplate":1,"minecraft:shield":1,"minecraft:stick":8,"minecraft:iron_pickaxe":1,"minecraft:iron_leggings":1},"minecraft:killed_by":{"minecraft:piglin":2,"minecraft:player":3,"minecraft:skeleton":1,"minecraft:creeper":2,"minecraft:spider":1},"minecraft:killed":{"minecraft:piglin":5,"minecraft:spider":1,"minecraft:ghast":1,"minecraft:player":1},"minecraft:custom":{"minecraft:interact_with_anvil":1,"minecraft:mob_kills":7,"minecraft:interact_with_crafting_table":2,"minecraft:leave_game":2,"minecraft:time_since_death":1108,"minecraft:sleep_in_bed":1,"minecraft:time_since_rest":1122,"minecraft:sprint_one_cm":134213,"minecraft:damage_taken":3461,"minecraft:walk_one_cm":65303,"minecraft:damage_blocked_by_shield":100,"minecraft:drop":24,"minecraft:damage_dealt":932,"minecraft:swim_one_cm":549,"minecraft:player_kills":1,"minecraft:fly_one_cm":221989,"minecraft:open_chest":19,"minecraft:crouch_one_cm":9151,"minecraft:play_time":48799,"minecraft:deaths":10,"minecraft:sneak_time":1937,"minecraft:walk_under_water_one_cm":66,"minecraft:jump":1126,"minecraft:walk_on_water_one_cm":1145,"minecraft:total_world_time":48799,"minecraft:fall_one_cm":30575},"minecraft:mined":{"minecraft:brown_mushroom":13,"minecraft:soul_sand":1,"minecraft:chest":1,"minecraft:cracked_polished_blackstone_bricks":14,"minecraft:nether_quartz_ore":2,"minecraft:tall_grass":1,"minecraft:polished_blackstone_brick_stairs":2,"minecraft:nether_wart":5,"minecraft:polished_blackstone_bricks":29,"minecraft:grass":7,"minecraft:gravel":1,"minecraft:dirt":1,"minecraft:netherrack":73},"minecraft:picked_up":{"minecraft:iron_chestplate":2,"minecraft:wheat":2,"minecraft:magma_cream":11,"minecraft:nether_wart":15,"minecraft:water_bucket":1,"minecraft:leather":4,"minecraft:brown_mushroom":35,"minecraft:potion":1,"minecraft:enchanted_book":1,"minecraft:oak_log":39,"minecraft:golden_boots":1,"minecraft:golden_sword":2,"minecraft:shield":3,"minecraft:dirt":1,"minecraft:polished_blackstone_brick_stairs":2,"minecraft:stone_stairs":3,"minecraft:iron_leggings":4,"minecraft:bone":2,"minecraft:apple":2,"minecraft:bow":1,"minecraft:wheat_seeds":6,"minecraft:gold_nugget":8,"minecraft:iron_nugget":4,"minecraft:iron_pickaxe":2,"minecraft:chest":2,"minecraft:iron_sword":4,"minecraft:oak_planks":27,"minecraft:soul_sand":2,"minecraft:iron_boots":2,"minecraft:quartz":6,"minecraft:fire_charge":4,"minecraft:polished_blackstone_bricks":28,"minecraft:spectral_arrow":77,"minecraft:arrow":22,"minecraft:rotten_flesh":5,"minecraft:iron_helmet":4,"minecraft:cracked_polished_blackstone_bricks":15,"minecraft:crossbow":3,"minecraft:diamond_axe":1,"minecraft:bread":21,"minecraft:netherrack":71,"minecraft:diamond_pickaxe":2},"minecraft:used":{"minecraft:shield":1,"minecraft:iron_sword":7,"minecraft:brown_mushroom":2,"minecraft:netherrack":13,"minecraft:gilded_blackstone":9,"minecraft:polished_blackstone_bricks":27,"minecraft:iron_chestplate":1,"minecraft:soul_sand":2,"minecraft:dirt":64,"minecraft:crossbow":20,"minecraft:cracked_polished_blackstone_bricks":13,"minecraft:bread":8,"minecraft:iron_pickaxe":128,"minecraft:iron_helmet":2,"minecraft:iron_boots":2,"minecraft:golden_carrot":1,"minecraft:iron_leggings":2},"minecraft:dropped":{"minecraft:enchanted_book":1,"minecraft:golden_boots":1,"minecraft:iron_sword":5,"minecraft:diamond_axe":1,"minecraft:oak_log":39,"minecraft:crossbow":1,"minecraft:iron_helmet":2,"minecraft:spectral_arrow":23,"minecraft:apple":2,"minecraft:leather":4,"minecraft:stone_stairs":3,"minecraft:iron_chestplate":1,"minecraft:diamond_pickaxe":2,"minecraft:fire_charge":4,"minecraft:iron_leggings":2,"minecraft:gold_nugget":4,"minecraft:bow":1}},"DataVersion":2730}