{"stats":{"minecraft:killed_by":{"minecraft:player":1},"minecraft:broken":{"minecraft:stone_pickaxe":2,"minecraft:iron_pickaxe":4},"minecraft:crafted":{"minecraft:oak_planks":864,"minecraft:cooked_chicken":8,"minecraft:stone":295,"minecraft:diamond_shovel":1,"minecraft:bookshelf":5,"minecraft:heavy_weighted_pressure_plate":2,"minecraft:cooked_mutton":6,"minecraft:glass":64,"minecraft:nether_brick_wall":6,"minecraft:bow":1,"minecraft:iron_boots":1,"minecraft:chest":10,"minecraft:stone_bricks":8,"minecraft:oak_fence":54,"minecraft:golden_boots":2,"minecraft:cooked_porkchop":12,"minecraft:diamond_axe":1,"minecraft:crafting_table":4,"minecraft:wooden_pickaxe":1,"minecraft:iron_helmet":1,"minecraft:gold_block":3,"minecraft:light_gray_bed":1,"minecraft:stone_brick_stairs":2,"minecraft:diamond_pickaxe":1,"minecraft:iron_chestplate":1,"minecraft:book":18,"minecraft:paper":54,"minecraft:charcoal":10,"minecraft:yellow_dye":1,"minecraft:shield":1,"minecraft:stick":112,"minecraft:iron_pickaxe":5,"minecraft:iron_ingot":145,"minecraft:iron_block":3,"minecraft:gold_ingot":113,"minecraft:light_gray_dye":3,"minecraft:oak_door":3,"minecraft:leather_boots":1,"minecraft:furnace":10,"minecraft:light_gray_wool":1,"minecraft:white_carpet":3,"minecraft:stone_stairs":21,"minecraft:oak_trapdoor":14,"minecraft:glass_pane":32,"minecraft:flint_and_steel":1,"minecraft:iron_axe":1,"minecraft:iron_hoe":2,"minecraft:stone_pickaxe":5,"minecraft:cooked_beef":11,"minecraft:diamond_sword":1,"minecraft:enchanting_table":1,"minecraft:iron_sword":1,"minecraft:bucket":1,"minecraft:stone_axe":1,"minecraft:bread":48,"minecraft:air":0,"minecraft:wooden_axe":1,"minecraft:oak_stairs":256,"minecraft:iron_leggings":1,"minecraft:stonecutter":1,"minecraft:anvil":1,"minecraft:white_bed":2,"minecraft:torch":148},"minecraft:custom":{"minecraft:interact_with_crafting_table":86,"minecraft:leave_game":9,"minecraft:time_since_death":63171,"minecraft:sprint_one_cm":1315887,"minecraft:damage_blocked_by_shield":490,"minecraft:drop":181,"minecraft:play_time":337857,"minecraft:deaths":1,"minecraft:jump":3231,"minecraft:walk_on_water_one_cm":50627,"minecraft:enchant_item":10,"minecraft:interact_with_furnace":200,"minecraft:sleep_in_bed":18,"minecraft:damage_dealt":17042,"minecraft:player_kills":3,"minecraft:crouch_one_cm":53330,"minecraft:mob_kills":122,"minecraft:interact_with_anvil":4,"minecraft:walk_one_cm":726694,"minecraft:sneak_time":15053,"minecraft:walk_under_water_one_cm":3647,"minecraft:total_world_time":431002,"minecraft:interact_with_stonecutter":9,"minecraft:time_since_rest":14479,"minecraft:damage_taken":2041,"minecraft:swim_one_cm":5073,"minecraft:fly_one_cm":610199,"minecraft:open_chest":337,"minecraft:fall_one_cm":55632},"minecraft:killed":{"minecraft:cave_spider":3,"minecraft:spider":6,"minecraft:skeleton":13,"minecraft:chicken":13,"minecraft:piglin":4,"minecraft:pig":13,"minecraft:creeper":7,"minecraft:sheep":20,"minecraft:zombie":14,"minecraft:cow":8,"minecraft:blaze":14,"minecraft:horse":6,"minecraft:bat":1,"minecraft:player":3},"minecraft:mined":{"minecraft:white_bed":6,"minecraft:oak_sapling":4,"minecraft:obsidian":14,"minecraft:granite":42,"minecraft:chiseled_polished_blackstone":2,"minecraft:grass_block":374,"minecraft:cracked_polished_blackstone_bricks":6,"minecraft:light_gray_bed":1,"minecraft:oxeye_daisy":5,"minecraft:polished_blackstone_bricks":3,"minecraft:magma_block":2,"minecraft:iron_ore":134,"minecraft:fire":21,"minecraft:pumpkin":1,"minecraft:deepslate_lapis_ore":4,"minecraft:anvil":1,"minecraft:enchanting_table":3,"minecraft:dirt_path":1,"minecraft:oak_stairs":25,"minecraft:deepslate_redstone_ore":5,"minecraft:blackstone":5,"minecraft:torch":6,"minecraft:chest":5,"minecraft:nether_quartz_ore":3,"minecraft:cobblestone":13,"minecraft:sugar_cane":248,"minecraft:oak_planks":14,"minecraft:wall_torch":12,"minecraft:stone_stairs":6,"minecraft:wheat":176,"minecraft:grass":413,"minecraft:oak_log":287,"minecraft:sand":112,"minecraft:dirt":453,"minecraft:netherrack":146,"minecraft:oak_leaves":557,"minecraft:deepslate":230,"minecraft:nether_gold_ore":19,"minecraft:diamond_ore":9,"minecraft:crying_obsidian":1,"minecraft:tuff":15,"minecraft:deepslate_diamond_ore":5,"minecraft:nether_brick_wall":1,"minecraft:nether_bricks":47,"minecraft:redstone_ore":11,"minecraft:oak_trapdoor":7,"minecraft:furnace":9,"minecraft:andesite":46,"minecraft:peony":2,"minecraft:gold_block":6,"minecraft:nether_brick_fence":2,"minecraft:deepslate_iron_ore":9,"minecraft:rail":1,"minecraft:stone":1030,"minecraft:soul_sand":1,"minecraft:basalt":2,"minecraft:dandelion":2,"minecraft:oak_fence":4,"minecraft:crafting_table":10,"minecraft:cornflower":12,"minecraft:emerald_ore":1,"minecraft:tall_grass":31,"minecraft:copper_ore":5,"minecraft:deepslate_coal_ore":7,"minecraft:lapis_ore":4,"minecraft:deepslate_gold_ore":6,"minecraft:diorite":35,"minecraft:coal_ore":111,"minecraft:gravel":33,"minecraft:dripstone_block":1,"minecraft:cobweb":1,"minecraft:stone_bricks":31,"minecraft:gold_ore":22},"minecraft:picked_up":{"minecraft:iron_chestplate":1,"minecraft:wheat":146,"minecraft:nether_brick_fence":2,"minecraft:anvil":1,"minecraft:oak_stairs":24,"minecraft:potion":3,"minecraft:enchanted_book":2,"minecraft:nether_brick":17,"minecraft:string":30,"minecraft:raw_copper":2,"minecraft:iron_leggings":1,"minecraft:gold_nugget":80,"minecraft:cobbled_deepslate":66,"minecraft:furnace":9,"minecraft:iron_boots":2,"minecraft:stick":24,"minecraft:oak_fence":4,"minecraft:torch":18,"minecraft:porkchop":21,"minecraft:pointed_dripstone":2,"minecraft:diorite":3,"minecraft:rotten_flesh":18,"minecraft:light_gray_bed":1,"minecraft:blaze_rod":7,"minecraft:obsidian":22,"minecraft:cobblestone":823,"minecraft:enchanting_table":3,"minecraft:magma_block":2,"minecraft:feather":12,"minecraft:magma_cream":7,"minecraft:water_bucket":1,"minecraft:andesite":31,"minecraft:brown_wool":1,"minecraft:flint":1,"minecraft:tuff":20,"minecraft:lapis_lazuli":46,"minecraft:dirt":785,"minecraft:bone":16,"minecraft:bow":1,"minecraft:wheat_seeds":482,"minecraft:raw_gold":28,"minecraft:oak_planks":14,"minecraft:chiseled_polished_blackstone":2,"minecraft:sand":108,"minecraft:spectral_arrow":69,"minecraft:diamond":14,"minecraft:cracked_polished_blackstone_bricks":6,"minecraft:crossbow":2,"minecraft:granite":26,"minecraft:bread":5,"minecraft:emerald":1,"minecraft:oak_sapling":74,"minecraft:netherrack":92,"minecraft:diamond_pickaxe":3,"minecraft:crafting_table":9,"minecraft:chicken":13,"minecraft:gold_block":6,"minecraft:shield":1,"minecraft:cornflower":23,"minecraft:oak_trapdoor":7,"minecraft:stone_stairs":9,"minecraft:blackstone":27,"minecraft:beef":15,"minecraft:iron_nugget":65,"minecraft:light_gray_wool":2,"minecraft:sugar_cane":291,"minecraft:chest":6,"minecraft:egg":6,"minecraft:raw_iron":188,"minecraft:stone":16,"minecraft:oak_door":2,"minecraft:fire_charge":10,"minecraft:polished_blackstone_bricks":2,"minecraft:redstone":61,"minecraft:arrow":41,"minecraft:peony":1,"minecraft:nether_bricks":42,"minecraft:gold_ingot":98,"minecraft:mutton":28,"minecraft:nether_brick_wall":1,"minecraft:white_wool":15,"minecraft:rail":2,"minecraft:oxeye_daisy":5,"minecraft:basalt":2,"minecraft:leather":28,"minecraft:oak_log":323,"minecraft:golden_boots":1,"minecraft:gunpowder":4,"minecraft:cooked_mutton":1,"minecraft:apple":7,"minecraft:stone_bricks":30,"minecraft:stone_pickaxe":1,"minecraft:iron_ingot":4,"minecraft:soul_sand":9,"minecraft:iron_sword":4,"minecraft:pumpkin":1,"minecraft:quartz":58,"minecraft:dandelion":2,"minecraft:dripstone_block":2,"minecraft:gravel":115,"minecraft:white_bed":6,"minecraft:crying_obsidian":17,"minecraft:iron_helmet":2,"minecraft:diamond_axe":1,"minecraft:gray_wool":2,"minecraft:coal":136},"minecraft:used":{"minecraft:nether_brick_fence":2,"minecraft:chest":15,"minecraft:shield":8,"minecraft:stone":120,"minecraft:iron_sword":250,"minecraft:rotten_flesh":4,"minecraft:soul_sand":4,"minecraft:nether_bricks":4,"minecraft:axolotl_bucket":2,"minecraft:obsidian":10,"minecraft:glass":6,"minecraft:lava_bucket":2,"minecraft:iron_helmet":2,"minecraft:stone_brick_stairs":2,"minecraft:stone_bricks":142,"minecraft:bow":49,"minecraft:furnace":19,"minecraft:oak_sapling":65,"minecraft:egg":6,"minecraft:stone_pickaxe":361,"minecraft:oak_planks":149,"minecraft:blackstone":11,"minecraft:wooden_pickaxe":6,"minecraft:sugar_cane":133,"minecraft:diamond_axe":329,"minecraft:dripstone_block":1,"minecraft:crying_obsidian":3,"minecraft:heavy_weighted_pressure_plate":2,"minecraft:bread":10,"minecraft:gravel":10,"minecraft:andesite":9,"minecraft:oak_fence":52,"minecraft:oak_trapdoor":16,"minecraft:enchanting_table":4,"minecraft:flint_and_steel":2,"minecraft:cooked_chicken":8,"minecraft:netherrack":68,"minecraft:oak_door":4,"minecraft:torch":186,"minecraft:dirt":302,"minecraft:anvil":2,"minecraft:stone_stairs":31,"minecraft:granite":3,"minecraft:iron_hoe":738,"minecraft:wooden_axe":23,"minecraft:bookshelf":5,"minecraft:iron_axe":22,"minecraft:oak_stairs":273,"minecraft:cooked_beef":11,"minecraft:light_gray_bed":2,"minecraft:iron_leggings":1,"minecraft:pointed_dripstone":1,"minecraft:wheat_seeds":360,"minecraft:cooked_mutton":7,"minecraft:water_bucket":104,"minecraft:nether_brick_wall":7,"minecraft:stonecutter":1,"minecraft:polished_blackstone_bricks":2,"minecraft:crafting_table":13,"minecraft:white_bed":8,"minecraft:oak_log":33,"minecraft:diamond_pickaxe":585,"minecraft:cornflower":1,"minecraft:apple":3,"minecraft:oxeye_daisy":2,"minecraft:diamond_shovel":922,"minecraft:cracked_polished_blackstone_bricks":2,"minecraft:iron_pickaxe":1121,"minecraft:stone_axe":49,"minecraft:cobblestone":248,"minecraft:potion":1,"minecraft:cooked_porkchop":5,"minecraft:bucket":109,"minecraft:glass_pane":25,"minecraft:dandelion":1},"minecraft:dropped":{"minecraft:iron_sword":2,"minecraft:soul_sand":1,"minecraft:porkchop":1,"minecraft:leather":2,"minecraft:rail":2,"minecraft:emerald":1,"minecraft:dirt":3,"minecraft:cornflower":22,"minecraft:mutton":3,"minecraft:iron_pickaxe":1,"minecraft:white_wool":1,"minecraft:gold_ingot":176,"minecraft:bone":8,"minecraft:stone_axe":1,"minecraft:cobbled_deepslate":66,"minecraft:rotten_flesh":3,"minecraft:oak_planks":24,"minecraft:gunpowder":1,"minecraft:leather_boots":1,"minecraft:chest":1,"minecraft:arrow":41,"minecraft:netherrack":2,"minecraft:iron_ingot":4,"minecraft:bread":8,"minecraft:wheat_seeds":3,"minecraft:dripstone_block":1,"minecraft:iron_helmet":1,"minecraft:feather":6,"minecraft:cobblestone":5,"minecraft:granite":21,"minecraft:stick":4,"minecraft:gray_wool":2,"minecraft:diorite":3,"minecraft:wooden_axe":1,"minecraft:iron_axe":1,"minecraft:tuff":20,"minecraft:andesite":22,"minecraft:oak_sapling":1,"minecraft:stone_pickaxe":2,"minecraft:wooden_pickaxe":1,"minecraft:magma_cream":7}},"DataVersion":2730}