{"stats":{"minecraft:picked_up":{"minecraft:charcoal":4,"minecraft:crafting_table":2,"minecraft:chiseled_quartz_block":4,"minecraft:stone_brick_stairs":1,"minecraft:oak_log":4,"minecraft:string":4,"minecraft:smooth_stone_slab":2,"minecraft:bone":18,"minecraft:stonecutter":1,"minecraft:bell":1,"minecraft:grindstone":1,"minecraft:redstone_torch":1,"minecraft:smooth_quartz":6,"minecraft:spruce_slab":3,"minecraft:sugar_cane":2,"minecraft:coal_block":7,"minecraft:furnace":1,"minecraft:oak_slab":1,"minecraft:oak_fence":1,"minecraft:torch":2,"minecraft:light_gray_concrete":6,"minecraft:arrow":21,"minecraft:rotten_flesh":3,"minecraft:gray_wool":1,"minecraft:mutton":5,"minecraft:cobblestone":2},"minecraft:mined":{"minecraft:oak_slab":1,"minecraft:mossy_cobblestone":1,"minecraft:chiseled_quartz_block":4,"minecraft:oak_fence":1,"minecraft:crafting_table":2,"minecraft:campfire":2,"minecraft:coal_block":7,"minecraft:cobblestone":1,"minecraft:sugar_cane":2,"minecraft:grindstone":1,"minecraft:spawner":1,"minecraft:gray_wool":1,"minecraft:furnace":1,"minecraft:stone_brick_stairs":1,"minecraft:smooth_stone_slab":1,"minecraft:bell":1,"minecraft:oak_log":4,"minecraft:light_gray_concrete":6,"minecraft:smooth_quartz":9,"minecraft:stonecutter":1,"minecraft:stone":1,"minecraft:spruce_slab":4,"minecraft:tripwire":2},"minecraft:used":{"minecraft:shield":6,"minecraft:stone":14,"minecraft:iron_sword":110,"minecraft:sugar_cane":2,"minecraft:iron_chestplate":1,"minecraft:torch":12,"minecraft:mutton":3,"minecraft:oak_slab":1,"minecraft:crafting_table":3,"minecraft:crossbow":28,"minecraft:chiseled_quartz_block":1,"minecraft:dark_oak_planks":3,"minecraft:dark_oak_log":1,"minecraft:iron_axe":21,"minecraft:bread":9,"minecraft:iron_pickaxe":37,"minecraft:suspicious_stew":1,"minecraft:experience_bottle":2},"minecraft:crafted":{"minecraft:oak_planks":12,"minecraft:crafting_table":1,"minecraft:shield":1,"minecraft:iron_axe":1,"minecraft:stick":20,"minecraft:iron_pickaxe":1,"minecraft:dark_oak_planks":72,"minecraft:torch":24},"minecraft:custom":{"minecraft:interact_with_furnace":4,"lootr:looted_stat":13,"minecraft:mob_kills":34,"minecraft:interact_with_crafting_table":3,"minecraft:tune_noteblock":1,"minecraft:bell_ring":1,"minecraft:leave_game":3,"minecraft:time_since_death":29296,"minecraft:sleep_in_bed":1,"minecraft:climb_one_cm":12717,"minecraft:time_since_rest":22936,"minecraft:sprint_one_cm":25670,"minecraft:damage_taken":792,"minecraft:walk_one_cm":63460,"minecraft:damage_blocked_by_shield":100,"minecraft:drop":9,"minecraft:damage_dealt":6005,"minecraft:swim_one_cm":21787,"minecraft:fly_one_cm":25285,"minecraft:crouch_one_cm":7877,"minecraft:play_time":29296,"minecraft:sneak_time":3006,"minecraft:walk_under_water_one_cm":3183,"minecraft:jump":228,"minecraft:walk_on_water_one_cm":7916,"minecraft:total_world_time":29296,"minecraft:fall_one_cm":3227,"minecraft:inspect_dispenser":2},"minecraft:killed":{"minecraft:magma_cube":9,"minecraft:creeper":1,"minecraft:skeleton":19,"minecraft:pillager":1,"minecraft:zombie":3},"minecraft:dropped":{"minecraft:chiseled_quartz_block":1,"minecraft:smooth_stone_slab":2,"minecraft:bowl":1,"minecraft:oak_fence":1,"minecraft:light_gray_concrete":4,"minecraft:smooth_quartz":6,"minecraft:bell":1,"minecraft:paper":6,"minecraft:string":15}},"DataVersion":3337}