{"stats":{"minecraft:picked_up":{"minecraft:charcoal":4,"minecraft:crafting_table":2,"minecraft:chiseled_quartz_block":1,"minecraft:oak_log":4,"minecraft:string":4,"minecraft:smooth_stone_slab":2,"minecraft:bell":1,"minecraft:grindstone":1,"minecraft:smooth_quartz":6,"minecraft:spruce_slab":3,"minecraft:sugar_cane":2,"minecraft:coal_block":4,"minecraft:furnace":1,"minecraft:oak_slab":1,"minecraft:oak_fence":1,"minecraft:torch":1,"minecraft:light_gray_concrete":4,"minecraft:rotten_flesh":3,"minecraft:gray_wool":1,"minecraft:mutton":5},"minecraft:mined":{"minecraft:oak_slab":1,"minecraft:chiseled_quartz_block":3,"minecraft:oak_fence":1,"minecraft:crafting_table":2,"minecraft:campfire":2,"minecraft:coal_block":4,"minecraft:sugar_cane":2,"minecraft:grindstone":1,"minecraft:gray_wool":1,"minecraft:furnace":1,"minecraft:stone_brick_stairs":1,"minecraft:smooth_stone_slab":1,"minecraft:bell":1,"minecraft:oak_log":4,"minecraft:light_gray_concrete":6,"minecraft:smooth_quartz":6,"minecraft:spruce_slab":3,"minecraft:tripwire":2},"minecraft:used":{"minecraft:shield":6,"minecraft:iron_sword":35,"minecraft:sugar_cane":2,"minecraft:iron_chestplate":1,"minecraft:torch":6,"minecraft:mutton":1,"minecraft:oak_slab":1,"minecraft:crafting_table":3,"minecraft:dark_oak_log":1,"minecraft:iron_axe":20,"minecraft:bread":4,"minecraft:iron_pickaxe":25,"minecraft:suspicious_stew":1},"minecraft:crafted":{"minecraft:oak_planks":12,"minecraft:crafting_table":1,"minecraft:shield":1,"minecraft:iron_axe":1,"minecraft:stick":20,"minecraft:iron_pickaxe":1,"minecraft:dark_oak_planks":8,"minecraft:torch":24},"minecraft:custom":{"minecraft:interact_with_furnace":3,"lootr:looted_stat":10,"minecraft:mob_kills":12,"minecraft:interact_with_crafting_table":2,"minecraft:tune_noteblock":1,"minecraft:bell_ring":1,"minecraft:leave_game":2,"minecraft:time_since_death":20116,"minecraft:sleep_in_bed":1,"minecraft:climb_one_cm":11456,"minecraft:time_since_rest":13756,"minecraft:sprint_one_cm":20057,"minecraft:damage_taken":425,"minecraft:walk_one_cm":39305,"minecraft:damage_blocked_by_shield":100,"minecraft:drop":7,"minecraft:damage_dealt":2623,"minecraft:swim_one_cm":21787,"minecraft:fly_one_cm":18926,"minecraft:crouch_one_cm":2911,"minecraft:play_time":20116,"minecraft:sneak_time":980,"minecraft:walk_under_water_one_cm":3183,"minecraft:jump":163,"minecraft:walk_on_water_one_cm":7916,"minecraft:total_world_time":20116,"minecraft:fall_one_cm":1731,"minecraft:inspect_dispenser":1},"minecraft:killed":{"minecraft:creeper":1,"minecraft:skeleton":7,"minecraft:pillager":1,"minecraft:zombie":3},"minecraft:dropped":{"minecraft:smooth_stone_slab":2,"minecraft:bowl":1,"minecraft:oak_fence":1,"minecraft:light_gray_concrete":4,"minecraft:smooth_quartz":6,"minecraft:paper":6,"minecraft:string":15}},"DataVersion":3337}