{"stats":{"minecraft:killed_by":{"minecraft:player":1},"minecraft:broken":{"minecraft:stone_pickaxe":2,"minecraft:diamond_pickaxe":1,"minecraft:iron_pickaxe":4},"minecraft:crafted":{"minecraft:grindstone":1,"minecraft:oak_planks":1352,"minecraft:blaze_powder":8,"minecraft:cooked_chicken":8,"minecraft:stone":295,"minecraft:diamond_shovel":2,"minecraft:bookshelf":11,"minecraft:heavy_weighted_pressure_plate":2,"minecraft:cooked_mutton":11,"minecraft:hopper":4,"minecraft:glass":64,"minecraft:nether_brick_wall":6,"minecraft:bow":1,"minecraft:iron_boots":1,"minecraft:chest":19,"minecraft:ender_eye":3,"minecraft:stone_bricks":8,"minecraft:oak_fence":54,"minecraft:golden_boots":2,"minecraft:oak_slab":126,"minecraft:cooked_porkchop":12,"minecraft:diamond_axe":1,"minecraft:crafting_table":5,"minecraft:wooden_pickaxe":1,"minecraft:iron_helmet":1,"minecraft:gold_block":3,"minecraft:light_gray_bed":1,"minecraft:stone_brick_stairs":2,"minecraft:diamond_pickaxe":3,"minecraft:iron_chestplate":1,"minecraft:book":33,"minecraft:paper":105,"minecraft:charcoal":25,"minecraft:yellow_dye":1,"minecraft:shield":1,"minecraft:stick":244,"minecraft:stone_slab":6,"minecraft:iron_pickaxe":5,"minecraft:iron_ingot":145,"minecraft:iron_block":3,"minecraft:gold_ingot":122,"minecraft:light_gray_dye":3,"minecraft:shears":1,"minecraft:oak_door":3,"minecraft:leather_boots":1,"minecraft:furnace":10,"minecraft:light_gray_wool":1,"minecraft:white_carpet":3,"minecraft:stone_stairs":21,"minecraft:oak_trapdoor":90,"minecraft:glass_pane":32,"minecraft:flint_and_steel":1,"minecraft:iron_axe":1,"minecraft:iron_hoe":2,"minecraft:stone_pickaxe":5,"minecraft:cooked_beef":11,"minecraft:diamond_sword":2,"minecraft:enchanting_table":1,"minecraft:iron_sword":1,"minecraft:bucket":2,"minecraft:stone_axe":1,"minecraft:bread":100,"minecraft:air":0,"minecraft:wooden_axe":1,"minecraft:oak_stairs":256,"minecraft:iron_leggings":1,"minecraft:stonecutter":1,"minecraft:anvil":1,"minecraft:white_bed":2,"minecraft:torch":528},"minecraft:custom":{"minecraft:animals_bred":2,"minecraft:interact_with_crafting_table":111,"minecraft:leave_game":12,"minecraft:time_since_death":365095,"minecraft:sprint_one_cm":2594497,"minecraft:damage_blocked_by_shield":795,"minecraft:drop":225,"minecraft:play_time":639781,"minecraft:deaths":1,"minecraft:jump":6686,"minecraft:walk_on_water_one_cm":72119,"minecraft:enchant_item":24,"minecraft:interact_with_furnace":212,"minecraft:sleep_in_bed":32,"minecraft:damage_dealt":42814,"minecraft:player_kills":3,"minecraft:crouch_one_cm":102431,"minecraft:interact_with_anvil":8,"minecraft:mob_kills":351,"minecraft:inspect_hopper":2,"minecraft:walk_one_cm":1017797,"minecraft:sneak_time":31574,"minecraft:walk_under_water_one_cm":13382,"minecraft:total_world_time":732926,"minecraft:interact_with_grindstone":8,"minecraft:interact_with_stonecutter":10,"minecraft:time_since_rest":6439,"minecraft:damage_taken":3859,"minecraft:swim_one_cm":34600,"minecraft:fly_one_cm":1240591,"minecraft:open_chest":515,"minecraft:fall_one_cm":121886},"minecraft:killed":{"minecraft:cave_spider":5,"minecraft:zombified_piglin":44,"minecraft:witch":2,"minecraft:spider":16,"minecraft:skeleton":70,"minecraft:chicken":18,"minecraft:piglin":4,"minecraft:pig":17,"minecraft:creeper":22,"minecraft:sheep":21,"minecraft:zombie":77,"minecraft:ghast":2,"minecraft:cow":18,"minecraft:blaze":14,"minecraft:horse":12,"minecraft:bat":1,"minecraft:player":3,"minecraft:enderman":7},"minecraft:mined":{"minecraft:white_bed":6,"minecraft:oak_sapling":4,"minecraft:obsidian":14,"minecraft:granite":72,"minecraft:chiseled_polished_blackstone":2,"minecraft:grass_block":828,"minecraft:cracked_polished_blackstone_bricks":7,"minecraft:light_gray_bed":3,"minecraft:soul_soil":2,"minecraft:hopper":7,"minecraft:oxeye_daisy":5,"minecraft:spawner":2,"minecraft:polished_blackstone_bricks":3,"minecraft:tall_seagrass":2,"minecraft:magma_block":2,"minecraft:iron_ore":156,"minecraft:fire":57,"minecraft:turtle_egg":4,"minecraft:pumpkin":1,"minecraft:deepslate_lapis_ore":4,"minecraft:anvil":1,"minecraft:enchanting_table":3,"minecraft:pointed_dripstone":1,"minecraft:dirt_path":2,"minecraft:oak_stairs":25,"minecraft:deepslate_redstone_ore":5,"minecraft:blackstone":5,"minecraft:crimson_nylium":1,"minecraft:soul_fire":1,"minecraft:torch":9,"minecraft:chest":9,"minecraft:nether_quartz_ore":151,"minecraft:cobblestone":46,"minecraft:sugar_cane":255,"minecraft:oak_planks":25,"minecraft:wall_torch":30,"minecraft:stone_stairs":6,"minecraft:wheat":350,"minecraft:grass":498,"minecraft:oak_log":416,"minecraft:sand":116,"minecraft:dirt":637,"minecraft:netherrack":621,"minecraft:oak_leaves":583,"minecraft:deepslate":230,"minecraft:nether_gold_ore":38,"minecraft:diamond_ore":9,"minecraft:crying_obsidian":1,"minecraft:tuff":15,"minecraft:deepslate_diamond_ore":9,"minecraft:nether_brick_wall":1,"minecraft:nether_bricks":59,"minecraft:spruce_leaves":1,"minecraft:redstone_ore":11,"minecraft:oak_trapdoor":13,"minecraft:furnace":9,"minecraft:andesite":76,"minecraft:peony":2,"minecraft:gold_block":6,"minecraft:nether_brick_fence":2,"minecraft:bookshelf":1,"minecraft:deepslate_iron_ore":9,"minecraft:rail":18,"minecraft:stone":1565,"minecraft:bone_block":6,"minecraft:oak_slab":12,"minecraft:soul_sand":1,"minecraft:basalt":2,"minecraft:dandelion":2,"minecraft:oak_fence":14,"minecraft:crafting_table":15,"minecraft:cornflower":12,"minecraft:emerald_ore":3,"minecraft:tall_grass":45,"minecraft:copper_ore":5,"minecraft:deepslate_coal_ore":7,"minecraft:lapis_ore":4,"minecraft:deepslate_gold_ore":6,"minecraft:diorite":65,"minecraft:coal_ore":219,"minecraft:gravel":33,"minecraft:dripstone_block":1,"minecraft:cobweb":30,"minecraft:stone_bricks":31,"minecraft:gold_ore":22},"minecraft:picked_up":{"minecraft:seagrass":4,"minecraft:iron_chestplate":1,"minecraft:wheat":304,"minecraft:nether_brick_fence":2,"minecraft:anvil":1,"minecraft:oak_stairs":24,"minecraft:potion":4,"minecraft:turtle_egg":4,"minecraft:enchanted_book":5,"minecraft:nether_brick":17,"minecraft:golden_sword":2,"minecraft:string":65,"minecraft:soul_soil":2,"minecraft:raw_copper":2,"minecraft:iron_leggings":1,"minecraft:gold_nugget":189,"minecraft:cobbled_deepslate":66,"minecraft:ender_eye":5,"minecraft:furnace":9,"minecraft:iron_boots":2,"minecraft:stick":26,"minecraft:oak_fence":16,"minecraft:torch":41,"minecraft:porkchop":27,"minecraft:pointed_dripstone":5,"minecraft:diorite":27,"minecraft:rotten_flesh":78,"minecraft:light_gray_bed":3,"minecraft:blaze_rod":7,"minecraft:obsidian":22,"minecraft:cobblestone":1295,"minecraft:enchanting_table":3,"minecraft:magma_block":2,"minecraft:feather":17,"minecraft:magma_cream":7,"minecraft:water_bucket":1,"minecraft:andesite":60,"minecraft:brown_wool":1,"minecraft:potato":1,"minecraft:flint":1,"minecraft:tuff":20,"minecraft:lapis_lazuli":46,"minecraft:dirt":1421,"minecraft:bone":39,"minecraft:bow":2,"minecraft:wheat_seeds":992,"minecraft:raw_gold":28,"minecraft:oak_planks":26,"minecraft:chiseled_polished_blackstone":2,"minecraft:music_disc_13":1,"minecraft:sand":112,"minecraft:spectral_arrow":78,"minecraft:diamond":18,"minecraft:cracked_polished_blackstone_bricks":6,"minecraft:crossbow":2,"minecraft:granite":56,"minecraft:emerald":3,"minecraft:bread":5,"minecraft:oak_sapling":89,"minecraft:netherrack":534,"minecraft:oak_leaves":3,"minecraft:diamond_pickaxe":3,"minecraft:crafting_table":14,"minecraft:chicken":17,"minecraft:gold_block":6,"minecraft:shield":1,"minecraft:cornflower":23,"minecraft:oak_trapdoor":13,"minecraft:stone_stairs":9,"minecraft:blackstone":27,"minecraft:beef":34,"minecraft:iron_nugget":65,"minecraft:light_gray_wool":2,"minecraft:sugar_cane":304,"minecraft:chest":12,"minecraft:egg":11,"minecraft:raw_iron":210,"minecraft:stone":16,"minecraft:oak_door":2,"minecraft:fire_charge":11,"minecraft:polished_blackstone_bricks":2,"minecraft:redstone":69,"minecraft:iron_horse_armor":1,"minecraft:arrow":65,"minecraft:peony":1,"minecraft:nether_bricks":54,"minecraft:gold_ingot":104,"minecraft:mutton":29,"minecraft:nether_brick_wall":1,"minecraft:white_wool":16,"minecraft:rail":24,"minecraft:bone_block":6,"minecraft:oxeye_daisy":5,"minecraft:basalt":2,"minecraft:glow_ink_sac":2,"minecraft:leather":47,"minecraft:oak_log":451,"minecraft:golden_boots":1,"minecraft:gunpowder":10,"minecraft:cooked_mutton":1,"minecraft:apple":7,"minecraft:stone_bricks":30,"minecraft:stone_pickaxe":1,"minecraft:iron_ingot":4,"minecraft:soul_sand":25,"minecraft:iron_sword":4,"minecraft:book":3,"minecraft:oak_slab":2,"minecraft:pumpkin":1,"minecraft:quartz":204,"minecraft:dandelion":2,"minecraft:dripstone_block":2,"minecraft:gravel":132,"minecraft:white_bed":6,"minecraft:crying_obsidian":20,"minecraft:spider_eye":4,"minecraft:iron_helmet":2,"minecraft:diamond_axe":1,"minecraft:gray_wool":2,"minecraft:coal":243,"minecraft:hopper":7,"minecraft:ender_pearl":7},"minecraft:used":{"minecraft:nether_brick_fence":2,"minecraft:chest":23,"minecraft:shield":17,"minecraft:iron_sword":250,"minecraft:stone":120,"minecraft:rotten_flesh":7,"minecraft:soul_sand":4,"minecraft:nether_bricks":6,"minecraft:axolotl_bucket":3,"minecraft:obsidian":11,"minecraft:glass":20,"minecraft:lava_bucket":2,"minecraft:iron_helmet":2,"minecraft:stone_brick_stairs":2,"minecraft:stone_bricks":142,"minecraft:bow":72,"minecraft:oak_sapling":69,"minecraft:furnace":19,"minecraft:egg":6,"minecraft:oak_planks":155,"minecraft:stone_pickaxe":361,"minecraft:blackstone":11,"minecraft:wooden_pickaxe":6,"minecraft:sugar_cane":133,"minecraft:diamond_axe":540,"minecraft:sand":4,"minecraft:dripstone_block":1,"minecraft:shears":3,"minecraft:crying_obsidian":3,"minecraft:heavy_weighted_pressure_plate":2,"minecraft:bread":62,"minecraft:gravel":10,"minecraft:diamond_sword":522,"minecraft:grindstone":1,"minecraft:andesite":9,"minecraft:oak_fence":52,"minecraft:oak_trapdoor":98,"minecraft:enchanting_table":4,"minecraft:flint_and_steel":2,"minecraft:cooked_chicken":8,"minecraft:netherrack":318,"minecraft:oak_door":4,"minecraft:torch":603,"minecraft:dirt":877,"minecraft:anvil":2,"minecraft:hopper":11,"minecraft:stone_stairs":31,"minecraft:granite":3,"minecraft:iron_hoe":738,"minecraft:wooden_axe":23,"minecraft:bookshelf":11,"minecraft:iron_axe":22,"minecraft:oak_stairs":273,"minecraft:cooked_beef":11,"minecraft:turtle_egg":2,"minecraft:light_gray_bed":4,"minecraft:iron_leggings":1,"minecraft:pointed_dripstone":1,"minecraft:wheat_seeds":535,"minecraft:cooked_mutton":12,"minecraft:water_bucket":139,"minecraft:nether_brick_wall":7,"minecraft:stonecutter":1,"minecraft:polished_blackstone_bricks":2,"minecraft:oak_slab":19,"minecraft:crafting_table":19,"minecraft:white_bed":8,"minecraft:oak_log":33,"minecraft:ender_eye":7,"minecraft:cornflower":1,"minecraft:diamond_pickaxe":2081,"minecraft:apple":3,"minecraft:oxeye_daisy":2,"minecraft:diamond_shovel":1589,"minecraft:cracked_polished_blackstone_bricks":2,"minecraft:iron_pickaxe":1121,"minecraft:stone_axe":49,"minecraft:cobblestone":511,"minecraft:potion":1,"minecraft:cooked_porkchop":12,"minecraft:bucket":145,"minecraft:glass_pane":25,"minecraft:dandelion":1},"minecraft:dropped":{"minecraft:iron_sword":2,"minecraft:soul_sand":9,"minecraft:porkchop":1,"minecraft:leather":2,"minecraft:iron_horse_armor":1,"minecraft:rail":2,"minecraft:emerald":1,"minecraft:dirt":7,"minecraft:cornflower":22,"minecraft:mutton":3,"minecraft:iron_pickaxe":1,"minecraft:white_wool":1,"minecraft:gold_ingot":189,"minecraft:bone":10,"minecraft:gravel":1,"minecraft:stone_axe":1,"minecraft:sugar_cane":2,"minecraft:cobbled_deepslate":66,"minecraft:rotten_flesh":15,"minecraft:oak_planks":24,"minecraft:gunpowder":1,"minecraft:leather_boots":1,"minecraft:chest":3,"minecraft:arrow":43,"minecraft:beef":6,"minecraft:netherrack":2,"minecraft:enchanted_book":1,"minecraft:iron_ingot":4,"minecraft:bread":8,"minecraft:wheat_seeds":210,"minecraft:dripstone_block":1,"minecraft:iron_helmet":1,"minecraft:feather":6,"minecraft:cobblestone":5,"minecraft:granite":21,"minecraft:stick":4,"minecraft:gray_wool":2,"minecraft:diorite":5,"minecraft:wooden_axe":1,"minecraft:potion":1,"minecraft:iron_axe":1,"minecraft:redstone":8,"minecraft:tuff":20,"minecraft:iron_boots":1,"minecraft:stone_slab":5,"minecraft:stone":15,"minecraft:andesite":23,"minecraft:oak_sapling":5,"minecraft:golden_sword":2,"minecraft:spider_eye":1,"minecraft:stone_pickaxe":2,"minecraft:wooden_pickaxe":1,"minecraft:magma_cream":7}},"DataVersion":2730}