{"stats":{"minecraft:killed_by":{"minecraft:player":1},"minecraft:broken":{"minecraft:stone_pickaxe":2,"minecraft:iron_pickaxe":4},"minecraft:crafted":{"minecraft:grindstone":1,"minecraft:oak_planks":920,"minecraft:blaze_powder":8,"minecraft:cooked_chicken":8,"minecraft:stone":295,"minecraft:diamond_shovel":1,"minecraft:bookshelf":5,"minecraft:heavy_weighted_pressure_plate":2,"minecraft:cooked_mutton":11,"minecraft:glass":64,"minecraft:nether_brick_wall":6,"minecraft:bow":1,"minecraft:iron_boots":1,"minecraft:chest":11,"minecraft:ender_eye":3,"minecraft:stone_bricks":8,"minecraft:oak_fence":54,"minecraft:golden_boots":2,"minecraft:cooked_porkchop":12,"minecraft:diamond_axe":1,"minecraft:crafting_table":4,"minecraft:wooden_pickaxe":1,"minecraft:iron_helmet":1,"minecraft:gold_block":3,"minecraft:light_gray_bed":1,"minecraft:stone_brick_stairs":2,"minecraft:diamond_pickaxe":2,"minecraft:iron_chestplate":1,"minecraft:book":18,"minecraft:paper":54,"minecraft:charcoal":10,"minecraft:yellow_dye":1,"minecraft:shield":1,"minecraft:stick":112,"minecraft:stone_slab":6,"minecraft:iron_pickaxe":5,"minecraft:iron_ingot":145,"minecraft:iron_block":3,"minecraft:gold_ingot":122,"minecraft:light_gray_dye":3,"minecraft:shears":1,"minecraft:oak_door":3,"minecraft:leather_boots":1,"minecraft:furnace":10,"minecraft:light_gray_wool":1,"minecraft:white_carpet":3,"minecraft:stone_stairs":21,"minecraft:oak_trapdoor":24,"minecraft:glass_pane":32,"minecraft:flint_and_steel":1,"minecraft:iron_axe":1,"minecraft:iron_hoe":2,"minecraft:stone_pickaxe":5,"minecraft:cooked_beef":11,"minecraft:diamond_sword":1,"minecraft:enchanting_table":1,"minecraft:iron_sword":1,"minecraft:bucket":1,"minecraft:stone_axe":1,"minecraft:bread":48,"minecraft:air":0,"minecraft:wooden_axe":1,"minecraft:oak_stairs":256,"minecraft:iron_leggings":1,"minecraft:stonecutter":1,"minecraft:anvil":1,"minecraft:white_bed":2,"minecraft:torch":148},"minecraft:custom":{"minecraft:animals_bred":2,"minecraft:interact_with_crafting_table":98,"minecraft:leave_game":12,"minecraft:time_since_death":161095,"minecraft:sprint_one_cm":1894672,"minecraft:damage_blocked_by_shield":560,"minecraft:drop":199,"minecraft:play_time":435781,"minecraft:deaths":1,"minecraft:jump":4811,"minecraft:walk_on_water_one_cm":66043,"minecraft:enchant_item":17,"minecraft:interact_with_furnace":203,"minecraft:sleep_in_bed":22,"minecraft:damage_dealt":28045,"minecraft:player_kills":3,"minecraft:crouch_one_cm":78322,"minecraft:interact_with_anvil":5,"minecraft:mob_kills":194,"minecraft:walk_one_cm":810349,"minecraft:sneak_time":23549,"minecraft:walk_under_water_one_cm":9333,"minecraft:total_world_time":528926,"minecraft:interact_with_grindstone":4,"minecraft:interact_with_stonecutter":9,"minecraft:time_since_rest":26201,"minecraft:damage_taken":2554,"minecraft:swim_one_cm":29364,"minecraft:fly_one_cm":939626,"minecraft:open_chest":421,"minecraft:fall_one_cm":92705},"minecraft:killed":{"minecraft:cave_spider":3,"minecraft:zombified_piglin":44,"minecraft:spider":7,"minecraft:skeleton":16,"minecraft:chicken":14,"minecraft:piglin":4,"minecraft:pig":14,"minecraft:creeper":7,"minecraft:sheep":21,"minecraft:zombie":14,"minecraft:ghast":2,"minecraft:cow":18,"minecraft:blaze":14,"minecraft:horse":12,"minecraft:bat":1,"minecraft:player":3,"minecraft:enderman":2},"minecraft:mined":{"minecraft:white_bed":6,"minecraft:oak_sapling":4,"minecraft:obsidian":14,"minecraft:granite":47,"minecraft:chiseled_polished_blackstone":2,"minecraft:grass_block":375,"minecraft:cracked_polished_blackstone_bricks":7,"minecraft:light_gray_bed":3,"minecraft:soul_soil":2,"minecraft:oxeye_daisy":5,"minecraft:polished_blackstone_bricks":3,"minecraft:tall_seagrass":2,"minecraft:magma_block":2,"minecraft:iron_ore":138,"minecraft:fire":57,"minecraft:turtle_egg":4,"minecraft:pumpkin":1,"minecraft:deepslate_lapis_ore":4,"minecraft:anvil":1,"minecraft:enchanting_table":3,"minecraft:pointed_dripstone":1,"minecraft:dirt_path":1,"minecraft:oak_stairs":25,"minecraft:deepslate_redstone_ore":5,"minecraft:blackstone":5,"minecraft:crimson_nylium":1,"minecraft:soul_fire":1,"minecraft:torch":7,"minecraft:chest":5,"minecraft:nether_quartz_ore":151,"minecraft:cobblestone":15,"minecraft:sugar_cane":255,"minecraft:oak_planks":14,"minecraft:wall_torch":12,"minecraft:stone_stairs":6,"minecraft:wheat":177,"minecraft:grass":427,"minecraft:oak_log":301,"minecraft:sand":116,"minecraft:dirt":462,"minecraft:netherrack":609,"minecraft:oak_leaves":565,"minecraft:deepslate":230,"minecraft:nether_gold_ore":38,"minecraft:diamond_ore":9,"minecraft:crying_obsidian":1,"minecraft:tuff":15,"minecraft:deepslate_diamond_ore":9,"minecraft:nether_brick_wall":1,"minecraft:nether_bricks":59,"minecraft:spruce_leaves":1,"minecraft:redstone_ore":11,"minecraft:oak_trapdoor":12,"minecraft:furnace":9,"minecraft:andesite":59,"minecraft:peony":2,"minecraft:gold_block":6,"minecraft:nether_brick_fence":2,"minecraft:deepslate_iron_ore":9,"minecraft:rail":1,"minecraft:stone":1139,"minecraft:bone_block":6,"minecraft:soul_sand":1,"minecraft:basalt":2,"minecraft:dandelion":2,"minecraft:oak_fence":4,"minecraft:crafting_table":15,"minecraft:cornflower":12,"minecraft:emerald_ore":3,"minecraft:tall_grass":33,"minecraft:copper_ore":5,"minecraft:deepslate_coal_ore":7,"minecraft:lapis_ore":4,"minecraft:deepslate_gold_ore":6,"minecraft:diorite":38,"minecraft:coal_ore":111,"minecraft:gravel":33,"minecraft:dripstone_block":1,"minecraft:cobweb":1,"minecraft:stone_bricks":31,"minecraft:gold_ore":22},"minecraft:picked_up":{"minecraft:seagrass":4,"minecraft:iron_chestplate":1,"minecraft:wheat":147,"minecraft:nether_brick_fence":2,"minecraft:anvil":1,"minecraft:oak_stairs":24,"minecraft:potion":4,"minecraft:turtle_egg":4,"minecraft:enchanted_book":2,"minecraft:nether_brick":17,"minecraft:golden_sword":2,"minecraft:string":32,"minecraft:soul_soil":2,"minecraft:raw_copper":2,"minecraft:iron_leggings":1,"minecraft:gold_nugget":189,"minecraft:cobbled_deepslate":66,"minecraft:ender_eye":5,"minecraft:furnace":9,"minecraft:iron_boots":2,"minecraft:stick":24,"minecraft:oak_fence":4,"minecraft:torch":19,"minecraft:porkchop":22,"minecraft:pointed_dripstone":5,"minecraft:diorite":6,"minecraft:rotten_flesh":34,"minecraft:light_gray_bed":3,"minecraft:blaze_rod":7,"minecraft:obsidian":22,"minecraft:cobblestone":932,"minecraft:enchanting_table":3,"minecraft:magma_block":2,"minecraft:feather":12,"minecraft:magma_cream":7,"minecraft:water_bucket":1,"minecraft:andesite":44,"minecraft:brown_wool":1,"minecraft:flint":1,"minecraft:tuff":20,"minecraft:lapis_lazuli":46,"minecraft:dirt":793,"minecraft:bone":21,"minecraft:bow":1,"minecraft:wheat_seeds":484,"minecraft:raw_gold":28,"minecraft:oak_planks":14,"minecraft:chiseled_polished_blackstone":2,"minecraft:sand":112,"minecraft:spectral_arrow":78,"minecraft:diamond":18,"minecraft:cracked_polished_blackstone_bricks":6,"minecraft:crossbow":2,"minecraft:granite":31,"minecraft:emerald":3,"minecraft:bread":5,"minecraft:oak_sapling":78,"minecraft:netherrack":525,"minecraft:oak_leaves":3,"minecraft:diamond_pickaxe":3,"minecraft:crafting_table":14,"minecraft:chicken":13,"minecraft:gold_block":6,"minecraft:shield":1,"minecraft:cornflower":23,"minecraft:oak_trapdoor":12,"minecraft:stone_stairs":9,"minecraft:blackstone":27,"minecraft:beef":34,"minecraft:iron_nugget":65,"minecraft:light_gray_wool":2,"minecraft:sugar_cane":303,"minecraft:chest":6,"minecraft:egg":9,"minecraft:raw_iron":192,"minecraft:stone":16,"minecraft:oak_door":2,"minecraft:fire_charge":11,"minecraft:polished_blackstone_bricks":2,"minecraft:redstone":61,"minecraft:arrow":42,"minecraft:peony":1,"minecraft:nether_bricks":54,"minecraft:gold_ingot":102,"minecraft:mutton":29,"minecraft:nether_brick_wall":1,"minecraft:white_wool":16,"minecraft:rail":2,"minecraft:bone_block":6,"minecraft:oxeye_daisy":5,"minecraft:basalt":2,"minecraft:glow_ink_sac":2,"minecraft:leather":47,"minecraft:oak_log":337,"minecraft:golden_boots":1,"minecraft:gunpowder":4,"minecraft:cooked_mutton":1,"minecraft:apple":7,"minecraft:stone_bricks":30,"minecraft:stone_pickaxe":1,"minecraft:iron_ingot":4,"minecraft:soul_sand":25,"minecraft:iron_sword":4,"minecraft:pumpkin":1,"minecraft:quartz":204,"minecraft:dandelion":2,"minecraft:dripstone_block":2,"minecraft:gravel":132,"minecraft:white_bed":6,"minecraft:crying_obsidian":20,"minecraft:iron_helmet":2,"minecraft:diamond_axe":1,"minecraft:gray_wool":2,"minecraft:coal":136,"minecraft:ender_pearl":3},"minecraft:used":{"minecraft:nether_brick_fence":2,"minecraft:chest":16,"minecraft:shield":10,"minecraft:iron_sword":250,"minecraft:stone":120,"minecraft:rotten_flesh":4,"minecraft:soul_sand":4,"minecraft:nether_bricks":6,"minecraft:axolotl_bucket":2,"minecraft:obsidian":11,"minecraft:glass":6,"minecraft:lava_bucket":2,"minecraft:iron_helmet":2,"minecraft:stone_brick_stairs":2,"minecraft:stone_bricks":142,"minecraft:bow":64,"minecraft:oak_sapling":65,"minecraft:furnace":19,"minecraft:egg":6,"minecraft:oak_planks":151,"minecraft:stone_pickaxe":361,"minecraft:blackstone":11,"minecraft:wooden_pickaxe":6,"minecraft:sugar_cane":133,"minecraft:diamond_axe":366,"minecraft:sand":4,"minecraft:dripstone_block":1,"minecraft:shears":3,"minecraft:crying_obsidian":3,"minecraft:heavy_weighted_pressure_plate":2,"minecraft:bread":23,"minecraft:gravel":10,"minecraft:diamond_sword":169,"minecraft:grindstone":1,"minecraft:andesite":9,"minecraft:oak_fence":52,"minecraft:oak_trapdoor":31,"minecraft:enchanting_table":4,"minecraft:flint_and_steel":2,"minecraft:cooked_chicken":8,"minecraft:netherrack":280,"minecraft:oak_door":4,"minecraft:torch":190,"minecraft:dirt":309,"minecraft:anvil":2,"minecraft:stone_stairs":31,"minecraft:granite":3,"minecraft:iron_hoe":738,"minecraft:wooden_axe":23,"minecraft:bookshelf":5,"minecraft:iron_axe":22,"minecraft:oak_stairs":273,"minecraft:cooked_beef":11,"minecraft:turtle_egg":2,"minecraft:light_gray_bed":3,"minecraft:iron_leggings":1,"minecraft:pointed_dripstone":1,"minecraft:wheat_seeds":361,"minecraft:cooked_mutton":12,"minecraft:water_bucket":112,"minecraft:nether_brick_wall":7,"minecraft:stonecutter":1,"minecraft:polished_blackstone_bricks":2,"minecraft:crafting_table":17,"minecraft:white_bed":8,"minecraft:oak_log":33,"minecraft:ender_eye":7,"minecraft:cornflower":1,"minecraft:diamond_pickaxe":1390,"minecraft:apple":3,"minecraft:oxeye_daisy":2,"minecraft:diamond_shovel":922,"minecraft:cracked_polished_blackstone_bricks":2,"minecraft:iron_pickaxe":1121,"minecraft:stone_axe":49,"minecraft:cobblestone":407,"minecraft:potion":1,"minecraft:cooked_porkchop":10,"minecraft:bucket":117,"minecraft:glass_pane":25,"minecraft:dandelion":1},"minecraft:dropped":{"minecraft:iron_sword":2,"minecraft:soul_sand":9,"minecraft:porkchop":1,"minecraft:leather":2,"minecraft:rail":2,"minecraft:emerald":1,"minecraft:dirt":3,"minecraft:cornflower":22,"minecraft:mutton":3,"minecraft:iron_pickaxe":1,"minecraft:white_wool":1,"minecraft:gold_ingot":187,"minecraft:bone":10,"minecraft:gravel":1,"minecraft:stone_axe":1,"minecraft:cobbled_deepslate":66,"minecraft:rotten_flesh":3,"minecraft:oak_planks":24,"minecraft:gunpowder":1,"minecraft:leather_boots":1,"minecraft:chest":1,"minecraft:arrow":41,"minecraft:beef":6,"minecraft:netherrack":2,"minecraft:iron_ingot":4,"minecraft:bread":8,"minecraft:wheat_seeds":3,"minecraft:dripstone_block":1,"minecraft:iron_helmet":1,"minecraft:feather":6,"minecraft:cobblestone":5,"minecraft:granite":21,"minecraft:stick":4,"minecraft:gray_wool":2,"minecraft:diorite":3,"minecraft:wooden_axe":1,"minecraft:potion":1,"minecraft:iron_axe":1,"minecraft:tuff":20,"minecraft:iron_boots":1,"minecraft:stone_slab":5,"minecraft:stone":15,"minecraft:andesite":22,"minecraft:oak_sapling":5,"minecraft:golden_sword":2,"minecraft:stone_pickaxe":2,"minecraft:wooden_pickaxe":1,"minecraft:magma_cream":7}},"DataVersion":2730}